<?xml version="1.0" encoding="utf-8"?>
<extension type="component" method="upgrade">
	<name>com_cpanel</name>
	<author>Joomla! Project</author>
	<creationDate>2007-06</creationDate>
	<copyright>(C) 2007 Open Source Matters, Inc.</copyright>
	<license>GNU General Public License version 2 or later; see LICENSE.txt</license>
	<authorEmail>admin@joomla.org</authorEmail>
	<authorUrl>www.joomla.org</authorUrl>
	<version>4.0.0</version>
	<description>COM_CPANEL_XML_DESCRIPTION</description>
	<namespace path="src">Joomla\Component\Cpanel</namespace>
	<administration>
		<files folder="admin">
			<filename>cpanel.xml</filename>
			<folder>services</folder>
			<folder>src</folder>
			<folder>tmpl</folder>
		</files>
		<languages folder="admin">
			<language tag="en-GB">language/en-GB/com_cpanel.ini</language>
			<language tag="en-GB">language/en-GB/com_cpanel.sys.ini</language>
		</languages>
	</administration>
</extension>

