<?xml version="1.0" encoding="utf-8"?>
<extension type="component" method="upgrade">
	<name>com_associations</name>
	<author>Joomla! Project</author>
	<creationDate>2017-01</creationDate>
	<copyright>(C) 2017 Open Source Matters, Inc.</copyright>
	<license>GNU General Public License version 2 or later; see LICENSE.txt</license>
	<authorEmail>admin@joomla.org</authorEmail>
	<authorUrl>www.joomla.org</authorUrl>
	<version>4.0.0</version>
	<description>COM_ASSOCIATIONS_XML_DESCRIPTION</description>
	<namespace path="src">Joomla\Component\Associations</namespace>
	<media destination="com_associations" folder="media">
		<folder>css</folder>
		<folder>js</folder>
	</media>
	<administration>
		<menu img="class:language">COM_ASSOCIATIONS</menu>
		<files folder="admin">
			<filename>access.xml</filename>
			<filename>associations.xml</filename>
			<filename>config.xml</filename>
			<folder>forms</folder>
			<folder>layouts</folder>
			<folder>services</folder>
			<folder>src</folder>
			<folder>tmpl</folder>
		</files>
		<languages folder="admin">
			<language tag="en-GB">language/en-GB/com_associations.ini</language>
			<language tag="en-GB">language/en-GB/com_associations.sys.ini</language>
		</languages>
	</administration>
</extension>
