<?xml version="1.0" encoding="utf-8"?>
<extension type="component" method="upgrade">
	<name>com_fields</name>
	<author>Joomla! Project</author>
	<creationDate>2016-03</creationDate>
	<copyright>(C) 2016 Open Source Matters, Inc.</copyright>
	<license>GNU General Public License version 2 or later; see LICENSE.txt</license>
	<authorEmail>admin@joomla.org</authorEmail>
	<authorUrl>www.joomla.org</authorUrl>
	<version>4.0.0</version>
	<description>COM_FIELDS_XML_DESCRIPTION</description>
	<namespace path="src">Joomla\Component\Fields</namespace>
	<files folder="site">
		<folder>forms</folder>
		<folder>layouts</folder>
		<folder>src</folder>
	</files>
	<media destination="com_fields" folder="media">
		<folder>js</folder>
	</media>
	<administration>
		<files folder="admin">
			<filename>fields.xml</filename>
			<folder>forms</folder>
			<folder>helpers</folder>
			<folder>services</folder>
			<folder>src</folder>
			<folder>tmpl</folder>
		</files>
		<languages folder="admin">
			<language tag="en-GB">language/en-GB/com_fields.ini</language>
			<language tag="en-GB">language/en-GB/com_fields.sys.ini</language>
		</languages>
	</administration>
</extension>


