<?xml version="1.0" encoding="utf-8"?>
<extension type="component" method="upgrade">
	<name>com_contenthistory</name>
	<author>Joomla! Project</author>
	<creationDate>2013-05</creationDate>
	<copyright>(C) 2013 Open Source Matters, Inc.</copyright>
	<license>GNU General Public License version 2 or later; see LICENSE.txt</license>
	<authorEmail>admin@joomla.org</authorEmail>
	<authorUrl>www.joomla.org</authorUrl>
	<version>4.0.0</version>
	<description>COM_CONTENTHISTORY_XML_DESCRIPTION</description>
	<namespace path="src">Joomla\Component\Contenthistory</namespace>
	<files folder="site">
			<folder>src</folder>
	</files>
	<media destination="com_contenthistory" folder="media">
		<folder>js</folder>
	</media>
	<administration>
		<files folder="admin">
			<filename>contenthistory.xml</filename>
			<folder>helpers</folder>
			<folder>services</folder>
			<folder>src</folder>
			<folder>tmpl</folder>
		</files>
		<languages folder="admin">
			<language tag="en-GB">language/en-GB/com_contenthistory.ini</language>
			<language tag="en-GB">language/en-GB/com_contenthistory.sys.ini</language>
		</languages>
	</administration>
</extension>

